code,gdp,gdp_ppp,merch,services,total_trade
CHN,19498.0393880426,41259.823532528,6354.738,1007.4702490939501,7362.20824909395
IND,3956.0671157716297,17197.369286822,1198.759,614.9476243785081,1813.706624378508
RUS,2561.31016935874,7235.550375977599,722.108,141.11065,863.2186499999999
BRA,2279.9200924921297,4986.89475079025,641.974,159.48253007811002,801.4565300781101
ZAF,427.184325997307,1029.8501007406999,244.479,39.8234764221914,284.30247642219143
IDN,1445.6425841638102,5045.7776346463,524.766,105.5130352974237,630.2790352974237
ARE,552.3249190958719,871.702497011261,1325.546,297.971409121852,1623.517409121852
EGY,365.254630179737,2391.46810765804,148.942,63.6741875,212.61618750000002
IRN,362.682115433364,1820.55617029192,178.857,3.678,182.535
ETH,126.358758448356,490.635723503939,30.597,13.11456802564011,43.71156802564011
SAU,1276.94293333333,2728.04056517431,564.735,198.09399207898412,762.8289920789841
THA,577.009981112015,1880.02658607236,684.578,153.37793503957357,837.9559350395735
VNM,514.697215165065,1837.76410090765,926.707,60.619,987.326
MYS,472.193128644597,1492.99661445769,716.477,109.7731394373964,826.2501394373963
KAZ,306.239209650024,923.2424835328051,143.252,26.829927644939602,170.0819276449396
NGA,290.794361542112,2264.02235623762,96.918,24.69061815931704,121.60861815931705
UZB,147.038081129405,503.974484468086,65.4,22.90953029436862,88.30953029436863
CUB,107.352,,10.366,,
BLR,93.397215864198,315.429062473216,89.765,19.2616879745,109.02668797449999
BOL,64.7689475253256,161.966561766575,19.73,3.46091178111649,23.19091178111649
UGA,61.985829288149596,179.21499076233,30.9,7.0114515991551905,37.911451599155185
